<project xmlns="http://maven.apache.org/DECORATION/1.1.0"
         xmlns:xsi="http://www.w3.org/2001/XMLSchema-instance"
         xsi:schemaLocation="http://maven.apache.org/DECORATION/1.1.0 http://maven.apache.org/xsd/decoration-1.1.0.xsd"
         name="MongoDB Jackson Mapper">
    <bannerLeft>
        <name>MongoJack</name>
        <href>http://mongojack.org</href>
    </bannerLeft>
    <bannerRight>
        <src>images/mongodb-leaf.png</src>
    </bannerRight>
    <body>
        <links>
            <item name="Apache" href="http://www.apache.org/"/>
            <item name="Maven 1.x" href="http://maven.apache.org/maven-1.x/"/>
            <item name="Maven 2" href="http://maven.apache.org/"/>
        </links>
        <menu name="Overview">
            <item name="About" href="./index.html"/>
            <item name="Installation" href="./installation.html"/>
            <item name="Tutorial" href="./tutorial.html"/>
            <item name="Changelog" href="./changelog.html"/>
        </menu>
        <menu ref="reports"/>
    </body>
    <skin>
        <groupId>org.apache.maven.skins</groupId>
        <artifactId>maven-fluido-skin</artifactId>
        <version>1.3.0</version>
    </skin>
    <custom>
        <fluidoSkin>
            <gitHub>
                <projectId>jroper/mongojack</projectId>
                <ribbonOrientation>right</ribbonOrientation>
                <ribbonColor>darkblue</ribbonColor>
            </gitHub>
        </fluidoSkin>
    </custom>
</project>
